YOUNGSTOWN,PLACE
Akron,PLACE
Canton,PLACE
Las Vegas,PLACE
Wichita Falls,PLACE
San Antonio,PLACE
Indianapolis,PLACE
Cuyahoga Falls,PLACE
Greene,PLACE
Uniontown,PLACE
The Girl in the Cafe,MOVIE
Pulp Fiction,MOVIE
Reservoir Dogs,MOVIE
The Last Unicorn,MOVIE
Tron,MOVIE
Minions,MOVIE
Sucker Punch,MOVIE
The Fifth Element,MOVIE
The Dark Crystal,MOVIE
Legend,MOVIE
Krull,MOVIE
The Black Hole,MOVIE
Mudvayne,BAND
Disturbed,BAND
She Wants Revenge,BAND
Three Eleven,BAND
Ten Thousand Maniacs,BAND
Rusted Root,BAND
Blue October,BAND
Gaelic Storm,BAND
Genesis,BAND
Trans Siberian Orchestra,BAND
